Nicholas Nguyen,106,,https://keller-gardner.com/
Patrick Fuentes,0,male,http://allen-collier.biz/
Sheri Stewart,20,other,http://www.schmitt.biz/
Gabrielle Mckee,11,other,https://www.neal.com/
Thomas Bell,32,,https://www.rosales.com/
Joshua Anderson,92,other,https://www.king.com/
Leslie Gray,113,,http://www.patel-romero.info/
Patricia Young,47,female,http://www.hart.com/
Kathleen Fowler,93,female,https://morse-curry.com/
Seth Moreno,74,,http://www.mendez.org/
Timothy Mason,94,,http://www.mcdonald.com/
Matthew Trujillo,101,,https://bass.net/
Robert Nguyen,77,male,http://www.johnson-reynolds.info/
Shelly Boyle,21,male,http://www.powell.com/
Harry Mitchell,101,female,https://nelson-savage.com/
Stephanie Chavez,108,male,https://steele.com/
Donald Cuevas,74,other,https://www.burch-jones.net/
April Gonzalez,6,,https://www.horne.com/
Jason Taylor,81,,http://www.rodriguez.com/
Joseph Schultz,70,male,http://www.wilson.com/
Kimberly Nichols,83,other,http://www.wright.biz/
Daniel Rogers,88,male,https://www.alexander.org/
Jessica Brown,55,,https://harding.biz/
Sara Collins,83,,http://mcmillan.info/
Timothy Rhodes,46,other,https://www.orozco.com/
Kristina Adams,13,male,https://valdez.com/
Joshua Brown,3,,https://www.williams.com/
Christine Andrews,6,male,http://bell.biz/
Rebecca Johnson,79,female,http://www.park-doyle.com/
Judy Bennett,1,female,https://steele-sanders.net/